Component,Origin,License,Copyright
ahash,https://github.com/tkaitchuck/ahash,MIT OR Apache-2.0,Tom Kaitchuck <Tom.Kaitchuck@gmail.com>
aho-corasick,https://github.com/BurntSushi/aho-corasick,Unlicense OR MIT,Andrew Gallant <jamslam@gmail.com>
android_system_properties,https://github.com/nical/android_system_properties,MIT OR Apache-2.0,Nicolas Silva <nical@fastmail.com>
arrow,https://github.com/apache/arrow-rs,Apache-2.0,Apache Arrow <dev@arrow.apache.org>
arrow-arith,https://github.com/apache/arrow-rs,Apache-2.0,Apache Arrow <dev@arrow.apache.org>
arrow-array,https://github.com/apache/arrow-rs,Apache-2.0 AND MIT,Apache Arrow <dev@arrow.apache.org>
arrow-buffer,https://github.com/apache/arrow-rs,Apache-2.0,Apache Arrow <dev@arrow.apache.org>
arrow-cast,https://github.com/apache/arrow-rs,Apache-2.0,Apache Arrow <dev@arrow.apache.org>
arrow-data,https://github.com/apache/arrow-rs,Apache-2.0,Apache Arrow <dev@arrow.apache.org>
arrow-ord,https://github.com/apache/arrow-rs,Apache-2.0,Apache Arrow <dev@arrow.apache.org>
arrow-row,https://github.com/apache/arrow-rs,Apache-2.0,Apache Arrow <dev@arrow.apache.org>
arrow-schema,https://github.com/apache/arrow-rs,Apache-2.0,Apache Arrow <dev@arrow.apache.org>
arrow-select,https://github.com/apache/arrow-rs,Apache-2.0,Apache Arrow <dev@arrow.apache.org>
arrow-string,https://github.com/apache/arrow-rs,Apache-2.0,Apache Arrow <dev@arrow.apache.org>
atoi,https://github.com/pacman82/atoi-rs,MIT,Markus Klein
base64,https://github.com/marshallpierce/rust-base64,MIT OR Apache-2.0,Marshall Pierce <marshall@mpierce.org>
bitflags,https://github.com/bitflags/bitflags,MIT OR Apache-2.0,The Rust Project Developers
bumpalo,https://github.com/fitzgen/bumpalo,MIT OR Apache-2.0,Nick Fitzgerald <fitzgen@gmail.com>
bytes,https://github.com/tokio-rs/bytes,MIT,"Carl Lerche <me@carllerche.com>, Sean McArthur <sean@seanmonstar.com>"
cast,https://github.com/japaric/cast.rs,MIT OR Apache-2.0,Jorge Aparicio <jorge@japaric.io>
cfg-if,https://github.com/rust-lang/cfg-if,MIT OR Apache-2.0,Alex Crichton <alex@alexcrichton.com>
chacha20,https://github.com/RustCrypto/stream-ciphers,MIT OR Apache-2.0,RustCrypto Developers
chrono,https://github.com/chronotope/chrono,MIT OR Apache-2.0,The chrono Authors
comfy-table,https://github.com/nukesor/comfy-table,MIT,Arne Beer <contact@arne.beer>
const-random,https://github.com/tkaitchuck/constrandom,MIT OR Apache-2.0,Tom Kaitchuck <Tom.Kaitchuck@gmail.com>
const-random-macro,https://github.com/tkaitchuck/constrandom,MIT OR Apache-2.0,Tom Kaitchuck <Tom.Kaitchuck@gmail.com>
core-foundation-sys,https://github.com/servo/core-foundation-rs,MIT OR Apache-2.0,The Servo Project Developers
cpufeatures,https://github.com/RustCrypto/utils,MIT OR Apache-2.0,RustCrypto Developers
crossterm,https://github.com/crossterm-rs/crossterm,MIT,T. Post
crossterm_winapi,https://github.com/crossterm-rs/crossterm-winapi,MIT,T. Post
crunchy,https://github.com/eira-fransham/crunchy,MIT,Eira Fransham <jackefransham@gmail.com>
csv,https://github.com/BurntSushi/rust-csv,Unlicense OR MIT,Andrew Gallant <jamslam@gmail.com>
csv-core,https://github.com/BurntSushi/rust-csv,Unlicense OR MIT,Andrew Gallant <jamslam@gmail.com>
duckdb,https://github.com/duckdb/duckdb-rs,MIT,"DuckDB Labs and contributors, wangfenjin <wangfenj@gmail.com>"
errno,https://github.com/lambda-fairy/rust-errno,MIT OR Apache-2.0,"Chris Wong <lambda.fairy@gmail.com>, Dan Gohman <dev@sunfishcode.online>"
fallible-iterator,https://github.com/sfackler/rust-fallible-iterator,MIT OR Apache-2.0,Steven Fackler <sfackler@gmail.com>
fallible-streaming-iterator,https://github.com/sfackler/fallible-streaming-iterator,MIT OR Apache-2.0,Steven Fackler <sfackler@gmail.com>
foldhash,https://github.com/orlp/foldhash,Zlib,Orson Peters <orsonpeters@gmail.com>
futures-core,https://github.com/rust-lang/futures-rs,MIT OR Apache-2.0,The futures-core Authors
futures-task,https://github.com/rust-lang/futures-rs,MIT OR Apache-2.0,The futures-task Authors
futures-util,https://github.com/rust-lang/futures-rs,MIT OR Apache-2.0,The futures-util Authors
getrandom,https://github.com/rust-random/getrandom,MIT OR Apache-2.0,The Rand Project Developers
half,https://github.com/VoidStarKat/half-rs,MIT OR Apache-2.0,Kathryn Long <squeeself@gmail.com>
hashbrown,https://github.com/rust-lang/hashbrown,MIT OR Apache-2.0,Amanieu d'Antras <amanieu@gmail.com>
hashbrown,https://github.com/rust-lang/hashbrown,MIT OR Apache-2.0,The hashbrown Authors
hashlink,https://github.com/kyren/hashlink,MIT OR Apache-2.0,kyren <kerriganw@gmail.com>
heck,https://github.com/withoutboats/heck,MIT OR Apache-2.0,The heck Authors
iana-time-zone,https://github.com/strawlab/iana-time-zone,MIT OR Apache-2.0,"Andrew Straw <strawman@astraw.com>, René Kijewski <rene.kijewski@fu-berlin.de>, Ryan Lopopolo <rjl@hyperbo.la>"
iana-time-zone-haiku,https://github.com/strawlab/iana-time-zone,MIT OR Apache-2.0,René Kijewski <crates.io@k6i.de>
itoa,https://github.com/dtolnay/itoa,MIT OR Apache-2.0,David Tolnay <dtolnay@gmail.com>
js-sys,https://github.com/wasm-bindgen/wasm-bindgen/tree/master/crates/js-sys,MIT OR Apache-2.0,The wasm-bindgen Developers
lexical-core,https://github.com/Alexhuszagh/rust-lexical,MIT OR Apache-2.0,Alex Huszagh <ahuszagh@gmail.com>
lexical-parse-float,https://github.com/Alexhuszagh/rust-lexical,MIT OR Apache-2.0,Alex Huszagh <ahuszagh@gmail.com>
lexical-parse-integer,https://github.com/Alexhuszagh/rust-lexical,MIT OR Apache-2.0,Alex Huszagh <ahuszagh@gmail.com>
lexical-util,https://github.com/Alexhuszagh/rust-lexical,MIT OR Apache-2.0,Alex Huszagh <ahuszagh@gmail.com>
lexical-write-float,https://github.com/Alexhuszagh/rust-lexical,MIT OR Apache-2.0,Alex Huszagh <ahuszagh@gmail.com>
lexical-write-integer,https://github.com/Alexhuszagh/rust-lexical,MIT OR Apache-2.0,Alex Huszagh <ahuszagh@gmail.com>
libc,https://github.com/rust-lang/libc,MIT OR Apache-2.0,The Rust Project Developers
libduckdb-sys,https://github.com/duckdb/duckdb-rs,MIT,"DuckDB Labs and contributors, wangfenjin <wangfenj@gmail.com>"
libm,https://github.com/rust-lang/compiler-builtins,MIT,"Alex Crichton <alex@alexcrichton.com>, Amanieu d'Antras <amanieu@gmail.com>, Jorge Aparicio <japaricious@gmail.com>, Trevor Gross <tg@trevorgross.com>"
linux-raw-sys,https://github.com/sunfishcode/linux-raw-sys,Apache-2.0 WITH LLVM-exception OR Apache-2.0 OR MIT,Dan Gohman <dev@sunfishcode.online>
lock_api,https://github.com/Amanieu/parking_lot,MIT OR Apache-2.0,Amanieu d'Antras <amanieu@gmail.com>
log,https://github.com/rust-lang/log,MIT OR Apache-2.0,The Rust Project Developers
memchr,https://github.com/BurntSushi/memchr,Unlicense OR MIT,"Andrew Gallant <jamslam@gmail.com>, bluss"
num-bigint,https://github.com/rust-num/num-bigint,MIT OR Apache-2.0,The Rust Project Developers
num-complex,https://github.com/rust-num/num-complex,MIT OR Apache-2.0,The Rust Project Developers
num-integer,https://github.com/rust-num/num-integer,MIT OR Apache-2.0,The Rust Project Developers
num-traits,https://github.com/rust-num/num-traits,MIT OR Apache-2.0,The Rust Project Developers
once_cell,https://github.com/matklad/once_cell,MIT OR Apache-2.0,Aleksey Kladov <aleksey.kladov@gmail.com>
parking_lot,https://github.com/Amanieu/parking_lot,MIT OR Apache-2.0,Amanieu d'Antras <amanieu@gmail.com>
parking_lot_core,https://github.com/Amanieu/parking_lot,MIT OR Apache-2.0,Amanieu d'Antras <amanieu@gmail.com>
pin-project-lite,https://github.com/taiki-e/pin-project-lite,Apache-2.0 OR MIT,The pin-project-lite Authors
proc-macro2,https://github.com/dtolnay/proc-macro2,MIT OR Apache-2.0,"David Tolnay <dtolnay@gmail.com>, Alex Crichton <alex@alexcrichton.com>"
psm,https://github.com/rust-lang/stacker,MIT OR Apache-2.0,Simonas Kazlauskas <psm@kazlauskas.me>
quote,https://github.com/dtolnay/quote,MIT OR Apache-2.0,David Tolnay <dtolnay@gmail.com>
r-efi,https://github.com/r-efi/r-efi,MIT OR Apache-2.0,The r-efi Authors
rand,https://github.com/rust-random/rand,MIT OR Apache-2.0,"The Rand Project Developers, The Rust Project Developers"
rand_core,https://github.com/rust-random/rand_core,MIT OR Apache-2.0,The Rand Project Developers
recursive,https://github.com/orlp/recursive,MIT,Orson Peters <orsonpeters@gmail.com>
recursive-proc-macro-impl,https://github.com/orlp/recursive,MIT,Orson Peters <orsonpeters@gmail.com>
redox_syscall,https://gitlab.redox-os.org/redox-os/syscall,MIT,Jeremy Soller <jackpot51@gmail.com>
regex,https://github.com/rust-lang/regex,MIT OR Apache-2.0,"The Rust Project Developers, Andrew Gallant <jamslam@gmail.com>"
regex-automata,https://github.com/rust-lang/regex,MIT OR Apache-2.0,"The Rust Project Developers, Andrew Gallant <jamslam@gmail.com>"
regex-syntax,https://github.com/rust-lang/regex,MIT OR Apache-2.0,"The Rust Project Developers, Andrew Gallant <jamslam@gmail.com>"
rustix,https://github.com/bytecodealliance/rustix,Apache-2.0 WITH LLVM-exception OR Apache-2.0 OR MIT,"Dan Gohman <dev@sunfishcode.online>, Jakub Konka <kubkon@jakubkonka.com>"
ryu,https://github.com/dtolnay/ryu,Apache-2.0 OR BSL-1.0,David Tolnay <dtolnay@gmail.com>
scopeguard,https://github.com/bluss/scopeguard,MIT OR Apache-2.0,bluss
serde,https://github.com/serde-rs/serde,MIT OR Apache-2.0,"Erick Tryzelaar <erick.tryzelaar@gmail.com>, David Tolnay <dtolnay@gmail.com>"
serde_core,https://github.com/serde-rs/serde,MIT OR Apache-2.0,"Erick Tryzelaar <erick.tryzelaar@gmail.com>, David Tolnay <dtolnay@gmail.com>"
serde_derive,https://github.com/serde-rs/serde,MIT OR Apache-2.0,"Erick Tryzelaar <erick.tryzelaar@gmail.com>, David Tolnay <dtolnay@gmail.com>"
serde_json,https://github.com/serde-rs/json,MIT OR Apache-2.0,"Erick Tryzelaar <erick.tryzelaar@gmail.com>, David Tolnay <dtolnay@gmail.com>"
slab,https://github.com/tokio-rs/slab,MIT,Carl Lerche <me@carllerche.com>
smallvec,https://github.com/servo/rust-smallvec,MIT OR Apache-2.0,The Servo Project Developers
sqlparser,https://github.com/apache/datafusion-sqlparser-rs,Apache-2.0,Apache DataFusion <dev@datafusion.apache.org>
sqlparser_derive,https://github.com/sqlparser-rs/sqlparser-rs,Apache-2.0,sqlparser-rs authors
stacker,https://github.com/rust-lang/stacker,MIT OR Apache-2.0,"Alex Crichton <alex@alexcrichton.com>, Simonas Kazlauskas <stacker@kazlauskas.me>"
strum,https://github.com/Peternator7/strum,MIT,Peter Glotfelty <peter.glotfelty@microsoft.com>
strum_macros,https://github.com/Peternator7/strum,MIT,Peter Glotfelty <peter.glotfelty@microsoft.com>
syn,https://github.com/dtolnay/syn,MIT OR Apache-2.0,David Tolnay <dtolnay@gmail.com>
tiny-keccak,https://github.com/debris/tiny-keccak,CC0-1.0,debris <marek.kotewicz@gmail.com>
unicode-ident,https://github.com/dtolnay/unicode-ident,(MIT OR Apache-2.0) AND Unicode-3.0,David Tolnay <dtolnay@gmail.com>
unicode-segmentation,https://github.com/unicode-rs/unicode-segmentation,MIT OR Apache-2.0,"kwantam <kwantam@gmail.com>, Manish Goregaokar <manishsmail@gmail.com>"
unicode-width,https://github.com/unicode-rs/unicode-width,MIT OR Apache-2.0,"kwantam <kwantam@gmail.com>, Manish Goregaokar <manishsmail@gmail.com>"
wasi,https://github.com/bytecodealliance/wasi,Apache-2.0 WITH LLVM-exception OR Apache-2.0 OR MIT,The Cranelift Project Developers
wasip2,https://github.com/bytecodealliance/wasi-rs,Apache-2.0 WITH LLVM-exception OR Apache-2.0 OR MIT,The wasip2 Authors
wasm-bindgen,https://github.com/wasm-bindgen/wasm-bindgen,MIT OR Apache-2.0,The wasm-bindgen Developers
wasm-bindgen-macro,https://github.com/wasm-bindgen/wasm-bindgen/tree/master/crates/macro,MIT OR Apache-2.0,The wasm-bindgen Developers
wasm-bindgen-macro-support,https://github.com/wasm-bindgen/wasm-bindgen/tree/master/crates/macro-support,MIT OR Apache-2.0,The wasm-bindgen Developers
wasm-bindgen-shared,https://github.com/wasm-bindgen/wasm-bindgen/tree/master/crates/shared,MIT OR Apache-2.0,The wasm-bindgen Developers
winapi,https://github.com/retep998/winapi-rs,MIT OR Apache-2.0,Peter Atashian <retep998@gmail.com>
winapi-i686-pc-windows-gnu,https://github.com/retep998/winapi-rs,MIT OR Apache-2.0,Peter Atashian <retep998@gmail.com>
winapi-x86_64-pc-windows-gnu,https://github.com/retep998/winapi-rs,MIT OR Apache-2.0,Peter Atashian <retep998@gmail.com>
windows-core,https://github.com/microsoft/windows-rs,MIT OR Apache-2.0,The windows-core Authors
windows-implement,https://github.com/microsoft/windows-rs,MIT OR Apache-2.0,The windows-implement Authors
windows-interface,https://github.com/microsoft/windows-rs,MIT OR Apache-2.0,The windows-interface Authors
windows-link,https://github.com/microsoft/windows-rs,MIT OR Apache-2.0,The windows-link Authors
windows-result,https://github.com/microsoft/windows-rs,MIT OR Apache-2.0,The windows-result Authors
windows-strings,https://github.com/microsoft/windows-rs,MIT OR Apache-2.0,The windows-strings Authors
windows-sys,https://github.com/microsoft/windows-rs,MIT OR Apache-2.0,Microsoft
windows-sys,https://github.com/microsoft/windows-rs,MIT OR Apache-2.0,The windows-sys Authors
windows-targets,https://github.com/microsoft/windows-rs,MIT OR Apache-2.0,Microsoft
windows_aarch64_gnullvm,https://github.com/microsoft/windows-rs,MIT OR Apache-2.0,Microsoft
windows_aarch64_msvc,https://github.com/microsoft/windows-rs,MIT OR Apache-2.0,Microsoft
windows_i686_gnu,https://github.com/microsoft/windows-rs,MIT OR Apache-2.0,Microsoft
windows_i686_gnullvm,https://github.com/microsoft/windows-rs,MIT OR Apache-2.0,Microsoft
windows_i686_msvc,https://github.com/microsoft/windows-rs,MIT OR Apache-2.0,Microsoft
windows_x86_64_gnu,https://github.com/microsoft/windows-rs,MIT OR Apache-2.0,Microsoft
windows_x86_64_gnullvm,https://github.com/microsoft/windows-rs,MIT OR Apache-2.0,Microsoft
windows_x86_64_msvc,https://github.com/microsoft/windows-rs,MIT OR Apache-2.0,Microsoft
wit-bindgen,https://github.com/bytecodealliance/wit-bindgen,Apache-2.0 WITH LLVM-exception OR Apache-2.0 OR MIT,Alex Crichton <alex@alexcrichton.com>
z3,https://github.com/prove-rs/z3.rs,MIT,"Graydon Hoare <graydon@pobox.com>, Bruce Mitchener <bruce.mitchener@gmail.com>, Nick Fitzgerald <fitzgen@gmail.com>, Mark DenHoed <mark.denhoed@cs.ox.ac.uk>"
z3-sys,https://github.com/prove-rs/z3.rs,MIT,"Graydon Hoare <graydon@pobox.com>, Bruce Mitchener <bruce.mitchener@gmail.com>, Nick Fitzgerald <fitzgen@gmail.com>, Mark DenHoed <mark.denhoed@cs.ox.ac.uk>"
zerocopy,https://github.com/google/zerocopy,BSD-2-Clause OR Apache-2.0 OR MIT,"Joshua Liebow-Feeser <joshlf@google.com>, Jack Wrenn <jswrenn@amazon.com>"
zerocopy-derive,https://github.com/google/zerocopy,BSD-2-Clause OR Apache-2.0 OR MIT,"Joshua Liebow-Feeser <joshlf@google.com>, Jack Wrenn <jswrenn@amazon.com>"
zmij,https://github.com/dtolnay/zmij,MIT,David Tolnay <dtolnay@gmail.com>
libduckdb,https://github.com/duckdb/duckdb,MIT,Copyright 2018-2025 Stichting DuckDB Foundation
guava,https://github.com/google/guava,Apache-2.0,The Guava Authors
jackson-databind,https://github.com/FasterXML/jackson-databind,Apache-2.0,"Copyright 2007-, Tatu Saloranta"
SQLSolver,https://github.com/SJTU-IPADS/SQLSolver,Apache-2.0,Copyright 2022 OpenSource
libz3,https://github.com/Z3Prover/z3,MIT,Copyright (c) Microsoft Corporation
